{"cameraMode":{"drawMode":0,"name":"Shaded","section":"Shading Mode"},"sceneLighting":false,"audioPlay":false,"sceneViewState":{"showFog":true,"showMaterialUpdate":true,"showSkybox":false,"showFlares":true,"showImageEffects":true,"showParticleSystems":true},"in2DMode":false,"pivot":{"x":3.130000114440918,"y":-0.25229883193969729,"z":-0.5539188385009766},"rotation":{"x":-0.0866132602095604,"y":0.8999052047729492,"z":-0.20910291373729707,"w":-0.37275293469429018},"size":1.2247449159622193,"orthographic":false}