{"cameraMode":{"drawMode":0,"name":"Shaded","section":"Shading Mode"},"sceneLighting":false,"audioPlay":false,"sceneViewState":{"showFog":true,"showMaterialUpdate":true,"showSkybox":false,"showFlares":true,"showImageEffects":true,"showParticleSystems":true},"in2DMode":false,"pivot":{"x":2.0899999141693117,"y":5.340000152587891,"z":-34.40999984741211},"rotation":{"x":-0.010872519575059414,"y":0.948861300945282,"z":-0.3138492703437805,"w":-0.03287771716713905},"size":3.278719186782837,"orthographic":false}